Chr,SNP,effect_allele,other_allele,pval.exposure,pval.outcome,beta.exposure,beta.outcome,eaf.exposure,eaf.outcome
5,rs10036386,T,C,9.70E-13,0.2484,0.00325403,-0.0664,0.381756,0.4181
7,rs10277273,G,T,3.10E-09,0.0317402,-0.0026836,-0.1372,0.570798,0.7046
8,rs1032129,C,A,3.20E-10,0.1065,-0.00291718,-0.0929,0.355643,0.4101
19,rs10424978,A,C,1.60E-22,0.6163,-0.00446528,-0.0291,0.600212,0.5987
6,rs1050976,T,C,2.90E-13,0.3675,0.00323263,-0.0512,0.528663,0.4719
11,rs10742340,C,T,4.60E-19,0.0900306,0.00407282,0.0996,0.387761,0.3671
10,rs10748781,A,C,8.70E-13,0.0583606,-0.00321674,0.1132,0.56642,0.6526
10,rs10761620,G,A,1.90E-14,0.8044,-0.00342203,0.0146,0.548879,0.6268
6,rs1079418,G,A,1.20E-09,0.1534,-0.00291954,-0.092,0.306766,0.2627
12,rs10859679,C,A,2.40E-08,0.1638,0.00344297,0.1105,0.847591,0.8508
1,rs10917470,A,G,6.40E-10,0.8755,0.00274239,-0.0089,0.509712,0.5312
2,rs10930013,A,G,2.40E-09,0.1834,0.00264481,0.0763,0.495893,0.433
8,rs10956412,C,A,1.10E-12,0.611799,-0.00427048,0.0495,0.165231,0.09575
15,rs11073337,C,A,6.50E-17,0.8982,0.00427534,0.0082,0.252022,0.2625
12,rs11177053,C,T,2.10E-08,0.137,-0.00252719,-0.0868,0.405673,0.3763
2,rs112165453,T,C,2.50E-08,0.621999,0.00931964,-0.1558,0.019337,0.007886
10,rs11256448,G,A,3.10E-11,0.7977,0.00341538,0.0162,0.246452,0.2818
10,rs11258303,A,C,4.20E-13,0.8212,0.00369839,-0.0135,0.745998,0.6542
4,rs113473633,G,A,1.00E-11,0.00832109,-0.00986381,-0.6707,0.02592,0.01402
6,rs114077552,C,A,2.40E-12,0.2734,-0.0115793,-0.2312,0.020345,0.0184
5,rs114378220,T,C,4.70E-11,0.690699,0.00581162,-0.0487,0.073556,0.05888
6,rs116229144,A,G,8.80E-19,0.7511,0.0145575,0.1285,0.018706,0.004765
2,rs11675342,T,C,2.70E-29,0.2691,0.00503964,-0.0633,0.423499,0.4424
8,rs11782370,T,C,4.40E-08,0.265,-0.00284489,0.0869,0.23939,0.1591
8,rs11783023,T,C,1.80E-10,0.7212,-0.00314607,0.021,0.721759,0.6331
11,rs11822813,G,A,2.40E-09,0.9419,-0.00501907,0.0074,0.075142,0.08676
1,rs12117927,A,C,6.70E-10,0.0109799,0.00280402,0.1496,0.488884,0.4018
1,rs1217238,A,G,1.10E-10,0.0944996,-0.00305731,-0.1053,0.322876,0.2874
6,rs12191243,G,C,2.90E-08,0.3197,0.00290066,-0.0638,0.232607,0.2673
11,rs12271161,A,G,1.70E-10,0.3165,-0.00357831,-0.0635,0.193684,0.2821
9,rs12349571,G,A,1.50E-08,0.717999,-0.00259366,-0.0212,0.626208,0.6212
21,rs12482947,C,T,5.50E-09,0.9577,0.00265295,-0.0031,0.600811,0.5781
14,rs1257926,A,G,4.80E-10,0.2533,0.00276785,-0.0653,0.475131,0.5551
12,rs12582330,T,G,1.60E-15,0.673301,-0.00397483,0.0257,0.727713,0.6741
3,rs12634152,T,C,2.40E-48,0.2838,-0.00651309,-0.0612,0.547281,0.4555
5,rs12697352,A,G,2.60E-08,0.8934,-0.00260443,0.0078,0.339773,0.3957
6,rs12722022,A,G,5.00E-11,0.325,-0.00803094,-0.3363,0.033956,0.006753
19,rs12981033,G,A,3.80E-11,0.2601,-0.00300149,-0.0668,0.393273,0.3558
3,rs13076468,C,A,5.70E-09,0.3609,0.00306607,0.0552,0.229039,0.3319
3,rs13090803,T,G,7.50E-19,0.6629,0.00483794,0.0361,0.212262,0.1387
5,rs13360007,G,A,2.70E-08,0.7804,0.0035964,-0.0243,0.135726,0.1209
16,rs138453996,A,G,3.40E-11,0.4802,0.0104638,0.1434,0.020194,0.01965
13,rs138818878,G,C,2.10E-08,0.7671,0.00749968,0.0426,0.029947,0.04112
6,rs145269503,A,G,4.80E-08,0.2801,-0.00839469,0.1674,0.021197,0.03429
2,rs147910466,T,A,1.60E-09,0.3743,-0.0117379,-0.19,0.017035,0.02172
2,rs1534430,T,C,2.20E-17,0.1897,-0.0038558,-0.0754,0.390296,0.4165
19,rs1549142,T,C,2.10E-13,0.8064,0.00388914,0.0163,0.227636,0.2411
8,rs1561924,A,G,1.40E-12,0.4234,-0.00471619,-0.071,0.128538,0.1157
3,rs1599795,A,T,2.80E-12,0.8765,0.00392687,0.0103,0.191681,0.2448
1,rs17020139,A,G,1.80E-51,0.9932,0.01175,8.00E-04,0.088639,0.1136
1,rs17129794,C,A,1.00E-08,0.4674,0.0033698,-0.0732,0.169714,0.08914
1,rs1723022,T,G,3.50E-09,0.0840795,0.00272786,0.1186,0.372773,0.2204
6,rs1724088,A,G,1.80E-08,0.5508,0.00276177,-0.0382,0.285654,0.2668
11,rs174599,C,G,4.00E-11,0.3324,-0.00302413,0.0558,0.375854,0.4259
8,rs1810396,G,A,4.70E-16,0.0164502,-0.00388373,-0.1678,0.68916,0.7886
16,rs1872691,A,G,2.10E-10,0.7153,-0.00365252,-0.028,0.182203,0.1627
2,rs2111485,G,A,9.20E-17,0.0884606,0.00376377,-0.0986,0.606734,0.5817
7,rs221781,G,A,2.70E-10,0.3194,0.00441391,0.0783,0.887027,0.8478
1,rs2234167,A,G,5.90E-11,0.9355,0.00425404,0.007,0.133643,0.1216
13,rs2248605,G,A,4.90E-08,0.0653898,-0.00272107,-0.1126,0.732349,0.6776
6,rs2284169,C,A,9.00E-20,0.1276,-0.00558387,0.1528,0.153145,0.087
22,rs229540,G,T,1.30E-29,0.0415403,0.00506701,0.1183,0.425501,0.3986
22,rs2412975,C,T,5.60E-11,0.1859,-0.00291937,0.075,0.446395,0.5188
5,rs244672,T,C,2.90E-13,0.1635,-0.00489012,0.0927,0.875169,0.7589
1,rs2473808,C,T,4.40E-11,0.1878,-0.00309579,0.0779,0.663213,0.6203
1,rs2476601,G,A,1.30E-169,0.4715,-0.0203664,-0.0569,0.899226,0.8506
6,rs2607013,T,C,2.20E-36,0.0162099,0.0072476,0.1787,0.182813,0.1784
5,rs28157,T,G,4.70E-12,0.1129,-0.00330258,-0.0971,0.315166,0.314
21,rs2823272,A,T,4.00E-12,0.4678,-0.00331291,-0.0476,0.315449,0.2566
4,rs28450181,G,A,3.50E-09,0.0594402,0.00325258,0.1486,0.203952,0.153
6,rs2859072,A,G,2.80E-17,0.2799,-0.00430407,-0.0722,0.258514,0.4397
8,rs2921053,C,G,3.10E-25,0.0240602,-0.00462829,-0.2331,0.451141,0.4979
2,rs3087243,A,G,1.70E-82,0.2142,-0.00855563,-0.0749,0.450735,0.3284
6,rs3093665,C,A,9.70E-10,0.7105,0.00941669,0.1837,0.020991,0.003319
12,rs3184504,C,T,3.00E-116,0.9878,-0.0101405,9.00E-04,0.517278,0.5906
9,rs34477738,G,A,4.30E-12,0.3147,0.00430728,-0.0718,0.164207,0.2078
19,rs34536443,C,G,9.40E-13,0.7123,-0.00782234,-0.0618,0.045384,0.03052
14,rs34678053,A,G,4.10E-14,0.0907507,-0.0038033,0.1019,0.469923,0.4461
19,rs35074907,A,G,1.00E-08,0.5372,0.00904559,0.2098,0.02001,0.006867
6,rs35789010,A,G,1.20E-11,0.5806,0.00535524,0.0809,0.086594,0.04254
2,rs367023,G,A,3.80E-10,0.1346,-0.00305345,-0.0886,0.295821,0.3635
4,rs3775291,T,C,9.20E-17,0.3506,-0.00402589,-0.0571,0.297066,0.317
14,rs3784099,A,G,5.90E-11,0.9946,-0.00321971,4.00E-04,0.28185,0.3062
7,rs3807307,C,T,3.00E-09,0.41,0.00263142,-0.0474,0.464579,0.4285
10,rs3850765,C,T,3.30E-12,0.550399,0.003131,0.0373,0.586251,0.7064
1,rs4320727,A,G,3.60E-10,0.4093,0.00288931,0.0485,0.630129,0.627
11,rs4409785,C,T,4.30E-31,0.3999,0.00679604,0.0642,0.172636,0.1676
4,rs4444866,T,C,2.90E-11,0.6864,-0.0033136,0.0254,0.276125,0.2877
17,rs4794063,T,C,3.90E-15,0.111,0.00398129,0.0991,0.257048,0.2929
11,rs479777,C,T,1.60E-10,0.9619,-0.00299181,-0.0028,0.341513,0.385
19,rs4804433,T,G,2.10E-09,0.4842,-0.00324888,-0.0432,0.785267,0.694
22,rs4820437,C,T,4.80E-08,0.1032,-0.00290327,0.105,0.225874,0.2628
22,rs4824117,G,A,6.10E-09,0.9325,-0.00273751,-0.0052,0.666658,0.6948
4,rs4835536,T,G,4.30E-32,0.9953,-0.00638629,-5.00E-04,0.212575,0.1244
1,rs484959,C,T,3.40E-10,0.8493,0.00278593,0.011,0.53714,0.4142
18,rs56249713,C,T,8.20E-11,0.7787,-0.0029334,-0.0164,0.418726,0.4047
7,rs56400413,A,T,2.30E-08,0.723,0.00273624,-0.023,0.286496,0.2592
3,rs57938373,T,C,4.00E-11,0.3175,0.00412674,-0.0794,0.147035,0.15
2,rs5865,T,C,4.80E-11,0.2549,-0.00308507,-0.0714,0.664064,0.7081
7,rs60600003,G,T,2.00E-09,0.7627,0.00445122,-0.0281,0.100194,0.1014
20,rs6111715,C,G,4.80E-11,0.0247002,-0.003797,-0.1831,0.179577,0.145
17,rs61759532,T,C,2.70E-14,0.2719,0.00401932,-0.0797,0.246332,0.1902
1,rs61776678,A,G,1.60E-10,0.6297,-0.00288092,-0.0275,0.410663,0.4415
1,rs61778693,T,G,4.20E-09,0.3341,-0.00302119,-0.0635,0.246684,0.2487
5,rs6452444,C,T,1.10E-08,0.6595,0.0029675,-0.0302,0.757482,0.7824
18,rs6505765,G,C,8.00E-13,0.679599,0.00334114,0.0247,0.343574,0.3391
1,rs6603785,T,A,9.70E-09,0.538801,-0.00378166,-0.0488,0.130639,0.1537
13,rs66749983,T,A,1.00E-14,0.9393,0.00370886,-0.0046,0.310752,0.3489
2,rs6739788,T,A,9.90E-09,0.725401,0.00562232,0.0525,0.053827,0.03583
3,rs6798068,A,G,3.20E-09,0.642,0.00280101,-0.0297,0.321967,0.2749
4,rs6833591,G,A,7.30E-10,0.3586,-0.0028712,0.0635,0.347001,0.2166
6,rs6915638,T,A,1.00E-15,0.2444,0.00948656,-0.3038,0.036318,0.01149
8,rs6992869,C,T,2.50E-10,0.8135,0.00289663,0.0135,0.375334,0.4285
8,rs7005834,T,C,1.20E-11,0.4273,-0.00324353,0.0521,0.307373,0.2507
10,rs7090530,A,C,3.70E-20,0.8343,0.00415718,0.0127,0.602142,0.6754
10,rs71508903,T,C,1.00E-31,0.5872,0.0066247,0.0398,0.19414,0.1859
6,rs71571466,A,G,1.20E-08,0.2463,0.00521956,0.1455,0.062559,0.05528
17,rs731151,A,G,2.40E-12,0.0971807,0.00417477,-0.1171,0.165285,0.2024
1,rs7417283,T,C,2.30E-10,0.3761,0.0036161,-0.0654,0.811972,0.8222
4,rs7441808,G,A,4.80E-16,0.1893,0.00391669,0.0829,0.30075,0.2815
2,rs7582694,G,C,1.60E-37,0.8625,-0.00678342,-0.0116,0.77392,0.7677
2,rs7583027,C,A,3.30E-10,0.2264,0.00290169,-0.0723,0.641086,0.6567
2,rs7596240,G,A,6.10E-09,0.6748,0.00289572,-0.0275,0.270194,0.2555
6,rs761357,T,A,3.40E-10,0.8192,0.00287595,0.0136,0.375258,0.3546
3,rs7649344,C,T,4.00E-09,0.7028,-0.00261845,-0.0224,0.45693,0.3721
12,rs76930710,C,T,4.20E-08,0.7418,-0.00628859,0.06,0.039398,0.02563
5,rs7705526,A,C,1.40E-09,0.8386,-0.00289723,0.0124,0.326587,0.3225
12,rs772920,G,C,1.90E-14,0.01181,0.00358766,0.1561,0.33542,0.3023
6,rs7746336,G,C,1.30E-48,0.0278298,0.0127393,0.2113,0.094499,0.09509
6,rs7746336,G,C,1.30E-48,0.9096,0.0127393,-0.0146,0.094499,0.05443
6,rs7754251,C,G,4.20E-38,0.3796,0.00577956,-0.0501,0.579765,0.5521
6,rs7762909,G,A,1.30E-36,0.9748,0.00594173,0.0019,0.663504,0.6015
3,rs78328982,A,G,2.90E-11,0.1383,0.00610499,0.219,0.064031,0.03828
9,rs7849424,C,T,4.60E-08,0.4039,0.00249338,0.0483,0.39278,0.4559
9,rs7850258,G,A,1.90E-98,0.5352,0.00990366,0.0368,0.668018,0.6528
11,rs7936397,A,G,3.60E-09,0.9878,-0.00293916,0.0011,0.272579,0.2038
13,rs79490353,C,T,2.30E-13,0.8663,0.010344,-0.0409,0.025248,0.01501
6,rs79708723,A,G,5.00E-09,0.4158,0.00723213,-0.1818,0.034124,0.01736
16,rs8054578,G,A,1.20E-10,0.2404,-0.00341296,0.0873,0.7744,0.8255
18,rs8093850,G,A,4.90E-09,0.0831802,0.00279495,0.1037,0.317619,0.3455
8,rs897586,A,G,5.10E-14,0.7999,-0.0034852,0.0155,0.356891,0.3189
6,rs9277627,C,G,3.80E-58,0.213,0.0095849,-0.0963,0.164822,0.1596
4,rs9291444,T,C,3.30E-17,0.9408,0.00374638,0.0042,0.470541,0.5118
6,rs9296009,T,A,8.40E-22,0.8008,0.00513778,-0.0198,0.217204,0.2675
6,rs9296079,T,G,1.50E-16,0.4593,-0.0110698,-0.1309,0.027354,0.02826
6,rs9347170,T,C,4.30E-33,0.1981,-0.00560428,0.076,0.336535,0.3715
6,rs9357120,A,T,4.60E-75,0.2331,-0.00903943,0.0706,0.276298,0.3817
6,rs9380522,T,C,4.30E-11,0.687999,0.00323312,0.029,0.7139,0.8082
6,rs9497965,T,C,5.80E-18,0.4799,0.00389414,0.0427,0.409445,0.3364
13,rs9507287,C,T,6.90E-41,0.9569,-0.00625779,0.0032,0.345731,0.3448
13,rs9562955,T,G,2.70E-08,0.2853,0.00443888,-0.1485,0.084106,0.04333
9,rs9697210,A,G,5.00E-09,0.1524,-0.00367578,0.1319,0.145927,0.1063
9,rs970987,A,C,1.00E-16,0.1842,-0.00390066,0.08,0.66298,0.6573
